{
  "best_global_step": null,
  "best_metric": null,
  "best_model_checkpoint": null,
  "epoch": 1.0,
  "eval_steps": 500,
  "global_step": 1756,
  "is_hyper_param_search": false,
  "is_local_process_zero": true,
  "is_world_process_zero": true,
  "log_history": [
    {
      "epoch": 0.2847380410022779,
      "grad_norm": 2.8848536014556885,
      "learning_rate": 1.810554290053151e-05,
      "loss": 0.09212065887451172,
      "step": 500
    },
    {
      "epoch": 0.5694760820045558,
      "grad_norm": 0.22356197237968445,
      "learning_rate": 1.620728929384966e-05,
      "loss": 0.08225775146484375,
      "step": 1000
    },
    {
      "epoch": 0.8542141230068337,
      "grad_norm": 4.128240585327148,
      "learning_rate": 1.4309035687167807e-05,
      "loss": 0.07113851928710938,
      "step": 1500
    },
    {
      "epoch": 1.0,
      "eval_loss": 0.0542033426463604,
      "eval_overall accuracy": 0.98571814383529,
      "eval_runtime": 38.9574,
      "eval_samples_per_second": 83.424,
      "eval_steps_per_second": 10.447,
      "step": 1756
    }
  ],
  "logging_steps": 500,
  "max_steps": 5268,
  "num_input_tokens_seen": 0,
  "num_train_epochs": 3,
  "save_steps": 500,
  "stateful_callbacks": {
    "TrainerControl": {
      "args": {
        "should_epoch_stop": false,
        "should_evaluate": false,
        "should_log": false,
        "should_save": true,
        "should_training_stop": false
      },
      "attributes": {}
    }
  },
  "total_flos": 297364320238536.0,
  "train_batch_size": 8,
  "trial_name": null,
  "trial_params": null
}
